<?xml version="1.0" encoding="UTF-8"?>
<office:document-content xmlns:office="urn:oasis:names:tc:opendocument:xmlns:office:1.0" xmlns:style="urn:oasis:names:tc:opendocument:xmlns:style:1.0" xmlns:text="urn:oasis:names:tc:opendocument:xmlns:text:1.0" xmlns:table="urn:oasis:names:tc:opendocument:xmlns:table:1.0" xmlns:draw="urn:oasis:names:tc:opendocument:xmlns:drawing:1.0" xmlns:fo="urn:oasis:names:tc:opendocument:xmlns:xsl-fo-compatible:1.0" xmlns:xlink="http://www.w3.org/1999/xlink" xmlns:dc="http://purl.org/dc/elements/1.1/" xmlns:meta="urn:oasis:names:tc:opendocument:xmlns:meta:1.0" xmlns:number="urn:oasis:names:tc:opendocument:xmlns:datastyle:1.0" xmlns:presentation="urn:oasis:names:tc:opendocument:xmlns:presentation:1.0" xmlns:svg="urn:oasis:names:tc:opendocument:xmlns:svg-compatible:1.0" xmlns:chart="urn:oasis:names:tc:opendocument:xmlns:chart:1.0" xmlns:dr3d="urn:oasis:names:tc:opendocument:xmlns:dr3d:1.0" xmlns:math="http://www.w3.org/1998/Math/MathML" xmlns:form="urn:oasis:names:tc:opendocument:xmlns:form:1.0" xmlns:script="urn:oasis:names:tc:opendocument:xmlns:script:1.0" xmlns:ooo="http://openoffice.org/2004/office" xmlns:ooow="http://openoffice.org/2004/writer" xmlns:oooc="http://openoffice.org/2004/calc" xmlns:dom="http://www.w3.org/2001/xml-events" xmlns:xforms="http://www.w3.org/2002/xforms" xmlns:xsd="http://www.w3.org/2001/XMLSchema" xmlns:xsi="http://www.w3.org/2001/XMLSchema-instance" xmlns:rpt="http://openoffice.org/2005/report" xmlns:of="urn:oasis:names:tc:opendocument:xmlns:of:1.2" xmlns:xhtml="http://www.w3.org/1999/xhtml" xmlns:grddl="http://www.w3.org/2003/g/data-view#" xmlns:tableooo="http://openoffice.org/2009/table" xmlns:drawooo="http://openoffice.org/2010/draw" xmlns:calcext="urn:org:documentfoundation:names:experimental:calc:xmlns:calcext:1.0" xmlns:loext="urn:org:documentfoundation:names:experimental:office:xmlns:loext:1.0" xmlns:field="urn:openoffice:names:experimental:ooo-ms-interop:xmlns:field:1.0" xmlns:formx="urn:openoffice:names:experimental:ooxml-odf-interop:xmlns:form:1.0" xmlns:css3t="http://www.w3.org/TR/css3-text/" office:version="1.2"><office:scripts/><office:font-face-decls><style:font-face style:name="Liberation Sans" svg:font-family="&apos;Liberation Sans&apos;" style:font-family-generic="swiss" style:font-pitch="variable"/><style:font-face style:name="DejaVu Sans" svg:font-family="&apos;DejaVu Sans&apos;" style:font-family-generic="system" style:font-pitch="variable"/><style:font-face style:name="Mangal" svg:font-family="Mangal" style:font-family-generic="system" style:font-pitch="variable"/><style:font-face style:name="Microsoft YaHei" svg:font-family="&apos;Microsoft YaHei&apos;" style:font-family-generic="system" style:font-pitch="variable"/><style:font-face style:name="Segoe UI" svg:font-family="&apos;Segoe UI&apos;" style:font-family-generic="system" style:font-pitch="variable"/><style:font-face style:name="Tahoma" svg:font-family="Tahoma" style:font-family-generic="system" style:font-pitch="variable"/></office:font-face-decls><office:automatic-styles><style:style style:name="co1" style:family="table-column"><style:table-column-properties fo:break-before="auto" style:column-width="64.01pt"/></style:style><style:style style:name="ro1" style:family="table-row"><style:table-row-properties style:row-height="26.79pt" fo:break-before="auto" style:use-optimal-row-height="true"/></style:style><style:style style:name="ro2" style:family="table-row"><style:table-row-properties style:row-height="12.81pt" fo:break-before="auto" style:use-optimal-row-height="true"/></style:style><style:style style:name="ta1" style:family="table" style:master-page-name="Default"><style:table-properties table:display="true" style:writing-mode="lr-tb"/></style:style><style:style style:name="ce5" style:family="table-cell" style:parent-style-name="Default"><style:text-properties fo:font-weight="bold" style:font-weight-asian="bold" style:font-weight-complex="bold"/></style:style><style:style style:name="ce6" style:family="table-cell" style:parent-style-name="Default"><style:table-cell-properties style:text-align-source="fix" style:repeat-content="false"/><style:paragraph-properties fo:text-align="center" fo:margin-left="0pt"/><style:text-properties fo:color="#ce181e" style:text-outline="false" style:text-line-through-style="none" style:text-line-through-type="none" style:font-name="Liberation Sans" fo:font-size="22pt" fo:language="en" fo:country="US" fo:font-style="normal" fo:text-shadow="none" style:text-underline-style="none" fo:font-weight="bold" style:text-underline-mode="continuous" style:text-overline-mode="continuous" style:text-line-through-mode="continuous" style:font-name-asian="Microsoft YaHei" style:font-size-asian="22pt" style:language-asian="zh" style:country-asian="CN" style:font-style-asian="normal" style:font-weight-asian="bold" style:font-name-complex="Mangal" style:font-size-complex="22pt" style:language-complex="hi" style:country-complex="IN" style:font-style-complex="normal" style:font-weight-complex="bold" style:text-emphasize="none" style:font-relief="none" style:text-overline-style="none" style:text-overline-color="font-color"/></style:style></office:automatic-styles><office:body><office:spreadsheet><table:calculation-settings table:automatic-find-labels="false" table:use-regular-expressions="false" table:use-wildcards="true"/><table:table table:name="Sheet1" table:style-name="ta1"><table:table-column table:style-name="co1" table:number-columns-repeated="11" table:default-cell-style-name="Default"/><table:table-row table:style-name="ro1"><table:table-cell table:style-name="ce5"/><table:table-cell table:number-columns-repeated="4"/><table:table-cell table:style-name="ce6" office:value-type="string" calcext:value-type="string" table:number-columns-spanned="5" table:number-rows-spanned="1"><text:p>Struc-2</text:p></table:table-cell><table:covered-table-cell table:number-columns-repeated="4"/><table:table-cell/></table:table-row><table:table-row table:style-name="ro2"><table:table-cell table:number-columns-repeated="11"/></table:table-row><table:table-row table:style-name="ro2"><table:table-cell/><table:table-cell office:value-type="float" office:value="3" calcext:value-type="float"><text:p>3</text:p></table:table-cell><table:table-cell table:number-columns-repeated="2"/><table:table-cell office:value-type="float" office:value="3.2" calcext:value-type="float"><text:p>3.2</text:p></table:table-cell><table:table-cell table:number-columns-repeated="2"/><table:table-cell office:value-type="float" office:value="3.4" calcext:value-type="float"><text:p>3.4</text:p></table:table-cell><table:table-cell table:number-columns-repeated="2"/><table:table-cell office:value-type="float" office:value="3.6" calcext:value-type="float"><text:p>3.6</text:p></table:table-cell></table:table-row><table:table-row table:style-name="ro2"><table:table-cell table:number-columns-repeated="11"/></table:table-row><table:table-row table:style-name="ro2"><table:table-cell office:value-type="float" office:value="0.9" calcext:value-type="float"><text:p>0.9</text:p></table:table-cell><table:table-cell office:value-type="float" office:value="-0.5027" calcext:value-type="float"><text:p>-0.5027</text:p></table:table-cell><table:table-cell/><table:table-cell office:value-type="float" office:value="0.9" calcext:value-type="float"><text:p>0.9</text:p></table:table-cell><table:table-cell office:value-type="float" office:value="-0.5243" calcext:value-type="float"><text:p>-0.5243</text:p></table:table-cell><table:table-cell/><table:table-cell office:value-type="float" office:value="0.9" calcext:value-type="float"><text:p>0.9</text:p></table:table-cell><table:table-cell office:value-type="float" office:value="-0.5797" calcext:value-type="float"><text:p>-0.5797</text:p></table:table-cell><table:table-cell/><table:table-cell office:value-type="float" office:value="0.9" calcext:value-type="float"><text:p>0.9</text:p></table:table-cell><table:table-cell office:value-type="float" office:value="-0.6544" calcext:value-type="float"><text:p>-0.6544</text:p></table:table-cell></table:table-row><table:table-row table:style-name="ro2"><table:table-cell office:value-type="float" office:value="0.9333" calcext:value-type="float"><text:p>0.9333</text:p></table:table-cell><table:table-cell office:value-type="float" office:value="-0.5299" calcext:value-type="float"><text:p>-0.5299</text:p></table:table-cell><table:table-cell/><table:table-cell office:value-type="float" office:value="0.9333" calcext:value-type="float"><text:p>0.9333</text:p></table:table-cell><table:table-cell office:value-type="float" office:value="-0.5603" calcext:value-type="float"><text:p>-0.5603</text:p></table:table-cell><table:table-cell/><table:table-cell office:value-type="float" office:value="0.9333" calcext:value-type="float"><text:p>0.9333</text:p></table:table-cell><table:table-cell office:value-type="float" office:value="-0.622" calcext:value-type="float"><text:p>-0.622</text:p></table:table-cell><table:table-cell/><table:table-cell office:value-type="float" office:value="0.9333" calcext:value-type="float"><text:p>0.9333</text:p></table:table-cell><table:table-cell office:value-type="float" office:value="-0.7001" calcext:value-type="float"><text:p>-0.7001</text:p></table:table-cell></table:table-row><table:table-row table:style-name="ro2"><table:table-cell office:value-type="float" office:value="0.9667" calcext:value-type="float"><text:p>0.9667</text:p></table:table-cell><table:table-cell office:value-type="float" office:value="-0.5827" calcext:value-type="float"><text:p>-0.5827</text:p></table:table-cell><table:table-cell/><table:table-cell office:value-type="float" office:value="0.9667" calcext:value-type="float"><text:p>0.9667</text:p></table:table-cell><table:table-cell office:value-type="float" office:value="-0.5939" calcext:value-type="float"><text:p>-0.5939</text:p></table:table-cell><table:table-cell/><table:table-cell office:value-type="float" office:value="0.9667" calcext:value-type="float"><text:p>0.9667</text:p></table:table-cell><table:table-cell office:value-type="float" office:value="-0.6643" calcext:value-type="float"><text:p>-0.6643</text:p></table:table-cell><table:table-cell/><table:table-cell office:value-type="float" office:value="0.9667" calcext:value-type="float"><text:p>0.9667</text:p></table:table-cell><table:table-cell office:value-type="float" office:value="-0.7471" calcext:value-type="float"><text:p>-0.7471</text:p></table:table-cell></table:table-row><table:table-row table:style-name="ro2"><table:table-cell office:value-type="float" office:value="1" calcext:value-type="float"><text:p>1</text:p></table:table-cell><table:table-cell office:value-type="float" office:value="-0.607" calcext:value-type="float"><text:p>-0.607</text:p></table:table-cell><table:table-cell/><table:table-cell office:value-type="float" office:value="1" calcext:value-type="float"><text:p>1</text:p></table:table-cell><table:table-cell office:value-type="float" office:value="-0.6105" calcext:value-type="float"><text:p>-0.6105</text:p></table:table-cell><table:table-cell/><table:table-cell office:value-type="float" office:value="1" calcext:value-type="float"><text:p>1</text:p></table:table-cell><table:table-cell office:value-type="float" office:value="-0.6892" calcext:value-type="float"><text:p>-0.6892</text:p></table:table-cell><table:table-cell/><table:table-cell office:value-type="float" office:value="1" calcext:value-type="float"><text:p>1</text:p></table:table-cell><table:table-cell office:value-type="float" office:value="-0.7797" calcext:value-type="float"><text:p>-0.7797</text:p></table:table-cell></table:table-row><table:table-row table:style-name="ro2"><table:table-cell office:value-type="float" office:value="1.0289" calcext:value-type="float"><text:p>1.0289</text:p></table:table-cell><table:table-cell office:value-type="float" office:value="-0.5886" calcext:value-type="float"><text:p>-0.5886</text:p></table:table-cell><table:table-cell/><table:table-cell office:value-type="float" office:value="1.0289" calcext:value-type="float"><text:p>1.0289</text:p></table:table-cell><table:table-cell office:value-type="float" office:value="-0.5976" calcext:value-type="float"><text:p>-0.5976</text:p></table:table-cell><table:table-cell/><table:table-cell office:value-type="float" office:value="1.0289" calcext:value-type="float"><text:p>1.0289</text:p></table:table-cell><table:table-cell office:value-type="float" office:value="-0.6694" calcext:value-type="float"><text:p>-0.6694</text:p></table:table-cell><table:table-cell/><table:table-cell office:value-type="float" office:value="1.0289" calcext:value-type="float"><text:p>1.0289</text:p></table:table-cell><table:table-cell office:value-type="float" office:value="-0.7532" calcext:value-type="float"><text:p>-0.7532</text:p></table:table-cell></table:table-row><table:table-row table:style-name="ro2"><table:table-cell office:value-type="float" office:value="1.0577" calcext:value-type="float"><text:p>1.0577</text:p></table:table-cell><table:table-cell office:value-type="float" office:value="-0.5415" calcext:value-type="float"><text:p>-0.5415</text:p></table:table-cell><table:table-cell/><table:table-cell office:value-type="float" office:value="1.0577" calcext:value-type="float"><text:p>1.0577</text:p></table:table-cell><table:table-cell office:value-type="float" office:value="-0.5698" calcext:value-type="float"><text:p>-0.5698</text:p></table:table-cell><table:table-cell/><table:table-cell office:value-type="float" office:value="1.0577" calcext:value-type="float"><text:p>1.0577</text:p></table:table-cell><table:table-cell office:value-type="float" office:value="-0.6331" calcext:value-type="float"><text:p>-0.6331</text:p></table:table-cell><table:table-cell/><table:table-cell office:value-type="float" office:value="1.0577" calcext:value-type="float"><text:p>1.0577</text:p></table:table-cell><table:table-cell office:value-type="float" office:value="-0.7114" calcext:value-type="float"><text:p>-0.7114</text:p></table:table-cell></table:table-row><table:table-row table:style-name="ro2"><table:table-cell office:value-type="float" office:value="1.0866" calcext:value-type="float"><text:p>1.0866</text:p></table:table-cell><table:table-cell office:value-type="float" office:value="-0.5128" calcext:value-type="float"><text:p>-0.5128</text:p></table:table-cell><table:table-cell/><table:table-cell office:value-type="float" office:value="1.0866" calcext:value-type="float"><text:p>1.0866</text:p></table:table-cell><table:table-cell office:value-type="float" office:value="-0.5378" calcext:value-type="float"><text:p>-0.5378</text:p></table:table-cell><table:table-cell/><table:table-cell office:value-type="float" office:value="1.0866" calcext:value-type="float"><text:p>1.0866</text:p></table:table-cell><table:table-cell office:value-type="float" office:value="-0.5941" calcext:value-type="float"><text:p>-0.5941</text:p></table:table-cell><table:table-cell/><table:table-cell office:value-type="float" office:value="1.0866" calcext:value-type="float"><text:p>1.0866</text:p></table:table-cell><table:table-cell office:value-type="float" office:value="-0.6682" calcext:value-type="float"><text:p>-0.6682</text:p></table:table-cell></table:table-row><table:table-row table:style-name="ro2"><table:table-cell office:value-type="float" office:value="1.1155" calcext:value-type="float"><text:p>1.1155</text:p></table:table-cell><table:table-cell office:value-type="float" office:value="-0.4906" calcext:value-type="float"><text:p>-0.4906</text:p></table:table-cell><table:table-cell/><table:table-cell office:value-type="float" office:value="1.1155" calcext:value-type="float"><text:p>1.1155</text:p></table:table-cell><table:table-cell office:value-type="float" office:value="-0.5054" calcext:value-type="float"><text:p>-0.5054</text:p></table:table-cell><table:table-cell/><table:table-cell office:value-type="float" office:value="1.1155" calcext:value-type="float"><text:p>1.1155</text:p></table:table-cell><table:table-cell office:value-type="float" office:value="-0.5551" calcext:value-type="float"><text:p>-0.5551</text:p></table:table-cell><table:table-cell/><table:table-cell office:value-type="float" office:value="1.1155" calcext:value-type="float"><text:p>1.1155</text:p></table:table-cell><table:table-cell office:value-type="float" office:value="-0.6252" calcext:value-type="float"><text:p>-0.6252</text:p></table:table-cell></table:table-row><table:table-row table:style-name="ro2" table:number-rows-repeated="10"><table:table-cell table:number-columns-repeated="11"/></table:table-row><table:table-row table:style-name="ro1"><table:table-cell table:number-columns-repeated="5"/><table:table-cell table:style-name="ce6" office:value-type="string" calcext:value-type="string" table:number-columns-spanned="5" table:number-rows-spanned="1"><text:p>Struc-1</text:p></table:table-cell><table:covered-table-cell table:number-columns-repeated="4"/><table:table-cell/></table:table-row></table:table><table:named-expressions/></office:spreadsheet></office:body></office:document-content>