<?xml version="1.0" encoding="UTF-8"?>
<office:document-meta xmlns:office="urn:oasis:names:tc:opendocument:xmlns:office:1.0" xmlns:xlink="http://www.w3.org/1999/xlink" xmlns:dc="http://purl.org/dc/elements/1.1/" xmlns:meta="urn:oasis:names:tc:opendocument:xmlns:meta:1.0" xmlns:ooo="http://openoffice.org/2004/office" xmlns:grddl="http://www.w3.org/2003/g/data-view#" office:version="1.2"><office:meta><meta:creation-date>2017-10-20T23:41:04.964000000</meta:creation-date><meta:generator>LibreOffice/6.0.7.3$Linux_X86_64 LibreOffice_project/00m0$Build-3</meta:generator><dc:date>2020-04-18T07:25:35.910131354</dc:date><meta:editing-duration>PT40M14S</meta:editing-duration><meta:editing-cycles>17</meta:editing-cycles><meta:document-statistic meta:table-count="1" meta:cell-count="69" meta:object-count="0"/></office:meta></office:document-meta>